Id,FirstName,LastName,Version,Insurance
f0ade667-4b17-4bbf-a8af-e365d9ec22f4,Ad,Hollington,3,ZKE
66a442e2-2c27-4be0-bb20-6cd40bfdf461,Lisle,Robertot,7,LLI
18d357eb-1f53-4d59-bc4c-bd16824017cf,Ray,Van Haeften,10,XYZ
a264be96-7a80-4f67-9ee0-3ba67f59f869,Goldi,Malecky,6,ZKE
23bf033c-57bf-41f1-b583-cf573f14777f,Rube,Wayte,7,LLI
11aa6784-21e7-4da8-bb4f-eee86f489a38,Ashley,Bevan,8,ZKE
f6aedc47-ff67-4bfa-8d90-414e6663cda2,Mercie,Marlowe,8,LLI
775e6328-5326-40d3-a9db-8e6209dca0a5,Emelyne,Shedden,6,ZKE
1b9adea5-c69a-4f83-8128-b3072f410eb6,Wilhelmina,Petchey,3,LWI
8060d8fc-d460-4863-ba5b-955c12bd5c60,Abbott,Cheson,1,ZKE
cce05d9b-d1c2-431d-a53c-b4a2ea774ee1,Bridget,Hansed,3,LLI
be70c006-e40d-414d-98a7-963629a75953,Antons,Ruggs,9,ZKE
a4511676-3d09-421e-9edf-b016edc498f0,Colette,Ullock,2,LWI
77b1398f-0682-4433-8f6e-7be7cb4b05b8,Hastings,Caney,6,TOT
fa90ec79-2947-44a4-9bee-354cf4f9f776,Filippo,Corben,10,LWI
a27da39c-955d-42a9-84c6-314571828ba2,Elton,Huntar,2,XYZ
d28bd2d4-69a8-4374-84f2-e7cbb659a138,Artair,Putt,10,LWI
5b1e9321-724b-43b2-a106-ea277990d5c0,Bee,Andreutti,7,LLI
3aaa3924-189b-435e-9dd8-79ea9cb9bd24,Verena,Heningham,1,TOT
a46cb1b8-f946-4baa-b882-e260f914acd0,Salli,Oager,4,XYZ
2da959e9-f973-4220-a123-120c15008699,Herold,Broschke,6,LLI
60d3c527-7241-467e-9536-8918341452da,Lacee,Brownhill,3,TOT
1a83b942-45db-452c-b3a3-cd6478af4e9c,Karoly,Cordy,4,PAU
842f0472-87a9-4fe1-adc1-8fff1ab40c9c,Jsandye,Brockington,2,PAU
521b099b-3c12-4ea2-9067-5284ef901a51,Colet,Baskerville,7,LLI
8282708d-a243-480f-9ec2-932149975450,Cecilla,De Gregario,9,ZKE
f291217d-f1c0-4064-a7a8-f5f562829fa7,Berenice,Liddard,6,TOT
7f880fcd-40c4-4470-992b-a8af05237320,Bastien,Blowfield,2,TOT
3f260b37-3e62-47a8-9108-e2dfa253339d,L;urette,Larvor,6,ZKE
4b641ea0-544f-48e1-9737-5ef14c4afef3,Ciel,Whiten,10,TOT
6a92c394-0b56-4394-ad2b-f09cd1889919,Rozelle,Vernall,7,XYZ
ece90f8c-58ca-4caf-8f4b-ce56e45b132d,Fletcher,Jancik,4,XYZ
a0a03d9e-0521-405f-bc20-0a29f4d14ce0,Lindi,Latchmore,1,LLI
9a59a177-271c-411a-bb75-515482a1f269,Ellerey,Murcott,2,LLI
5aebd8d6-4ef6-4f2a-bf70-36af8287812b,Hugues,Cubbin,7,LWI
9a64d152-b5b5-4b6c-b736-4bb582d62e29,Livvy,Jendrusch,5,LLI
8bcfdd4f-6a87-4975-9b2a-3cb4936cdc7b,Mathe,Cromer,2,LLI
b39175c5-5cb3-4748-94d7-37e57167e815,Olive,Waterland,10,LWI
c2b79d3b-e651-4bb1-8ac0-3d46da3e6d58,Deeanne,Pudden,7,TOT
3d6c6721-1060-4ecc-9a4a-a735a8dade5c,Marja,Linch,4,PAU
ef01a197-27c6-4975-a1dd-c3312377d40d,Florian,Collister,10,LLI
1b131fa4-d147-4875-96a6-9c1088a9ab4d,Crystie,Adamsson,10,LWI
0ad08cc1-7c2c-4e29-b876-e114e275a07c,Gerrilee,Frizzell,9,LWI
6e5e82ad-4a1d-41dd-a508-1eb8a9739bcf,Sydelle,Japp,2,LWI
95c050fc-40dc-4fe4-8dc8-9167931b89d7,Roy,Stanesby,1,LLI
cc086cf5-22a5-4ce5-afed-579d54b2b83b,Ellissa,Brothers,9,LLI
4aa8bb7b-f1c4-4d0d-8f8d-5afe9cb96294,Mathilde,Loving,7,TOT
0c6c6ecf-9bb0-45f2-ac2d-701b29b0a471,Royce,Cotgrave,2,TOT
8de2f366-1f7d-41f4-a757-91b4949ca634,Jeffrey,Gallone,4,LLI
201df72b-55b3-4e00-a65b-1a111d03b73b,Di,De Giorgio,6,XYZ
348e5173-b6f7-4b3c-8ac4-22ae6d7715a3,Roley,Stanners,5,XYZ
1d25b1a8-f2ce-4be3-88a3-53e7b76d5122,Gretal,Dimock,4,PAU
26890a1b-cb8b-4d0e-ad57-327448b34367,Urson,Woodeson,9,XYZ
2609ee4c-1b99-4c71-b833-d208852d908a,Ivette,Grey,9,XYZ
4497c540-4573-49c1-a477-8002542ccd67,Simonette,Sloam,1,LWI
ed81a1a5-72dc-46d3-8744-fe2ada0f627c,Sergei,Bastian,3,PAU
e7326ce8-1a9c-4bd7-9e23-618910eb871d,Marguerite,Lapidus,9,PAU
73670fc8-883b-466a-a03a-4f7f765ad446,Frederique,Phettiplace,9,LWI
9249ce30-4f96-4f18-80a1-19d0ed2c13b0,Marijo,Cocksedge,5,XYZ
aae68e42-d455-4e23-a0e9-4c8ff6c801d9,Clim,Couve,8,LWI
0727040f-3f0e-4505-b175-12ca1de29d72,Milissent,Coan,10,PAU
d034f30b-5500-4cd0-a7f5-8de0db1005d9,Barris,Jessopp,3,XYZ
45c06ab5-5419-4db1-a796-01122132f500,Tulley,Antoniewicz,6,ZKE
8f7ddfd1-ebd9-4800-afce-6e79788937bb,Amye,Rannald,9,LWI
92b2ad37-359f-473a-890c-f7cd3aaf54b1,Quintilla,Chard,10,ZKE
cda31db3-53f4-441b-9e51-c2876ceca232,Munmro,Hardey,7,ZKE
9e63e485-53e9-497c-86c8-e6f599646aba,Sutherlan,Butterworth,10,PAU
115b68fd-a62c-4ba7-b95a-fd0f128b1cac,Kare,Lindsley,6,XYZ
70f36f4c-c997-4f4d-8c6c-df861dadba66,Otho,Hasel,2,PAU
43c54262-15e2-43c2-81a5-24904b8d4b40,Cassondra,Mounsie,3,LWI
40cae0a5-2344-4bb0-ab8c-ba24834a0685,Sharla,Chominski,5,TOT
b4f17010-7568-4ab8-8c3f-bc6652313789,Britney,De Dantesie,9,LLI
e416913b-f152-4969-bc3b-e322860964f5,Quinton,Wheelband,1,LWI
91474129-17d3-4473-958f-dac41590179c,Salim,Hembery,7,TOT
3b11b050-300a-4733-953e-a4336e102c5e,Sophey,Gorick,10,PAU
a5edec7d-cb81-40b5-b207-3f79cb0eb92c,Bobbe,Pache,8,ZKE
8ce1275f-2b0e-443f-a08a-cab4acb9f66b,Josefa,Lancashire,6,LLI
c99c03c5-d844-4a7d-b35f-f862e78fa769,Nickie,Eshmade,6,XYZ
bb3c7928-56aa-4f6c-99ab-90e9de4f0a35,Risa,Spieck,8,LWI
3f351c42-f41d-44d8-9486-b6ebeff04365,Mendie,Charman,1,ZKE
5fe602cb-f399-496c-b8a4-69acab674837,Yank,Yeiles,8,ZKE
0a44538a-a963-4a6f-9bec-34c9f685305f,Nil,Blouet,7,TOT
a63ac1b2-969b-4513-ab5c-d027ac2b9d27,Shepperd,Antowski,7,PAU
e9f74de6-ced5-44a7-b440-96e8a36c979b,Ashley,McCormack,8,LWI
60382766-000b-4684-9ee2-67613299935f,Riley,Adamovicz,2,ZKE
da74a905-75b3-44c7-be49-b4aa03e529c2,Cyrille,Haglinton,3,LWI
34b3aa6d-4df7-4990-a903-2e160d30c350,Darbee,Klees,4,XYZ
f91c4221-7352-42a6-ae10-c77b35fb7874,Brenda,Duchatel,2,LWI
0d2fbe6e-9cb8-4373-a7be-c47e05a4cb92,Tessi,Westmancoat,3,PAU
9062e19f-28ef-4968-bf50-53fd53c81ce1,Llywellyn,Selvester,10,TOT
78b86545-cda2-4344-80c7-33d7ef8bc0a1,Thane,Ciccoloi,4,PAU
b700a084-06d3-4d16-b61d-16215a061057,Linnea,MacCrosson,3,LWI
bb0405b4-6d7c-409a-88ee-aba866ff88d1,Honor,Mummery,3,PAU
b2aa5d26-b6f1-4cd7-943e-aa18d204486f,Mayor,Stowell,4,XYZ
154fc0a0-b40f-4e7e-bfa2-8528682b85c5,Natka,Dudlestone,9,TOT
e1ac6e9b-b9d2-4a67-856a-f37255d291d6,Willette,Jupp,7,TOT
df16fab0-f235-49b4-a1ee-ade160cf5441,Ingrid,Mundell,5,XYZ
e96e3ff8-b6ff-4e6c-800d-a2f2e5166e40,Adrienne,Lanphere,5,XYZ
ea0f4e66-8c6d-4f03-b72f-804908451f00,Rudy,Bann,6,LWI
46cce18d-f9b2-45d5-855a-73b8b0ddfe3a,Zorah,Teggin,5,ZKE
78b86545-cda2-4344-80c7-33d7ef8bc0a1,Thane,Ciccoloi,1,PAU
b700a084-06d3-4d16-b61d-16215a061057,Linnea,MacCrosson,1,LWI
bb0405b4-6d7c-409a-88ee-aba866ff88d1,Honor,Mummery,1,PAU
b2aa5d26-b6f1-4cd7-943e-aa18d204486f,Mayor,Stowell,1,XYZ
154fc0a0-b40f-4e7e-bfa2-8528682b85c5,Natka,Dudlestone,1,TOT
e1ac6e9b-b9d2-4a67-856a-f37255d291d6,Willette,Jupp,1,TOT
df16fab0-f235-49b4-a1ee-ade160cf5441,Ingrid,Mundell,1,XYZ
e96e3ff8-b6ff-4e6c-800d-a2f2e5166e40,Adrienne,Lanphere,1,XYZ
ea0f4e66-8c6d-4f03-b72f-804908451f00,Rudy,Bann,1,LWI
46cce18d-f9b2-45d5-855a-73b8b0ddfe3a,Zorah,Teggin,1,ZKE
